,users,responses,total_timing,total_responses,successful_responses,unsuccessful_responses,other_responses,average_timing,average_timing_s,average_timing_ms
0,1,[200],0 days 00:00:11.114980,1,1,0,[],0 days 00:00:11.114980,11.11498,114980
1,5,"[200, 200, 200, 200, 200]",0 days 00:00:18.102161,5,5,0,[],0 days 00:00:03.620432200,3.620432,620432
2,10,"[500, 200, 200, 200, 200, 200, 200, 200, 200, 200]",0 days 00:00:14.890163,10,9,1,[500],0 days 00:00:01.654462555,1.654462,654462
3,20,"[200, 200, 200, 200, 200, 500, 200, 200, 200, 200, 200, 200, 200, 200, 200, 200, 200, 200, 200, 200]",0 days 00:00:35.104828,20,19,1,[500],0 days 00:00:01.847622526,1.8476219999999999,847622
4,40,"[200, 200, 200, 500, 200, 200, 200, 200, 200, 200, 500, 200, 200, 200, 200, 200, 200, 200, 200, 200, 500, 200, 200, 200, 200, 200, 200, 200, 200, 200, 500, 200, 500, 500, 500, 500, 500, 500, 500, 500]",0 days 00:01:02.724697,40,28,12,[500],0 days 00:00:02.240167750,2.240167,240167
5,60,"[200, 200, 200, 200, 500, 200, 200, 200, 200, 200, 200, 200, 200, 200, 200, 200, 200, 200, 500, 200, 200, 200, 200, 200, 200, 200, 200, 200, 200, 200, 500, 200, 200, 200, 200, 200, 500, 200, 500, 500, 500, 500, 500, 200, 500, 500, 500, 200, 500, 200, 200, 500, 200, 200, 200, 200, 200, 500, 500, 500]",0 days 00:01:02.801410,60,43,17,[500],0 days 00:00:01.460497906,1.460497,460497
6,120,"[500, 500, 200, 200, 200, 500, 200, 200, 200, 200, 200, 500, 200, 200, 200, 200, 200, 200, 200, 200, 200, 200, 200, 500, 200, 200, 200, 200, 200, 200, 200, 200, 200, 200, 200, 500, 200, 200, 500, 200, 200, 200, 500, 200, 200, 200, 200, 200, 200, 500, 200, 500, 500, 500, 200, 200, 200, 500, 500, 200, 500, 200, 200, 500, 500, 500, 500, 500, 500, 500, 500, 500, 500, 500, 500, 500, 500, 500, 500, 500, 500, 500, 500, 500, 500, 500, 500, 500, 500, 500, 500, 500, 500, 500, 500, 500, 500, 500, 500, 500, 500, 500, 500, 500, 500, 500, 500, 500, 500, 500, 500, 500, 500, 500, 500, 500, 500, 500, 500, 500]",0 days 00:01:04.806475,120,48,72,[500],0 days 00:00:01.350134895,1.350134,350134
